sample_idx,original_path,edited_path,prompt,diff_path,mask_strict_path,mask_medium_path,mask_loose_path,coverage_strict,coverage_medium,coverage_loose,diff_mean,diff_std,diff_max
0,/sc/home/felix.boelter/recreategoods/qwen-image-edit-finetune/data/example_image_dataset/images/7d5c16f425ee40ef94201d53b4119667.png,/sc/home/felix.boelter/recreategoods/qwen-image-edit-finetune/data/example_image_dataset/control_images/7d5c16f425ee40ef94201d53b4119667.png,Replace the neon piping with a contrasting color like deep purple to add a pop of color.,training_diff_analysis/sample_0000_diff.png,training_diff_analysis/sample_0000_mask_strict.png,training_diff_analysis/sample_0000_mask_medium.png,training_diff_analysis/sample_0000_mask_loose.png,8.113574981689453,21.72718048095703,29.676532745361328,10.91176986694336,19.20048370201581,255.0
1,/sc/home/felix.boelter/recreategoods/qwen-image-edit-finetune/data/example_image_dataset/images/b9cff1809a29407ebda9a4785cdf5e71.png,/sc/home/felix.boelter/recreategoods/qwen-image-edit-finetune/data/example_image_dataset/control_images/b9cff1809a29407ebda9a4785cdf5e71.png,Remove the sequins from one side of the top to create an asymmetrical design.,training_diff_analysis/sample_0001_diff.png,training_diff_analysis/sample_0001_mask_strict.png,training_diff_analysis/sample_0001_mask_medium.png,training_diff_analysis/sample_0001_mask_loose.png,29.866600036621094,43.77880096435547,47.51739501953125,19.009075164794922,25.65816754814134,255.0
2,/sc/home/felix.boelter/recreategoods/qwen-image-edit-finetune/data/example_image_dataset/images/d639ee3c8e434bdf9dcbc1a63c3b839f.png,/sc/home/felix.boelter/recreategoods/qwen-image-edit-finetune/data/example_image_dataset/control_images/d639ee3c8e434bdf9dcbc1a63c3b839f.png,Replace the luminescent patches with reflective strips that glow under UV light.,training_diff_analysis/sample_0002_diff.png,training_diff_analysis/sample_0002_mask_strict.png,training_diff_analysis/sample_0002_mask_medium.png,training_diff_analysis/sample_0002_mask_loose.png,2.64892578125,8.421707153320312,88.97829055786133,23.26274585723877,16.266264717695677,255.0
3,/sc/home/felix.boelter/recreategoods/qwen-image-edit-finetune/data/example_image_dataset/images/fa3b58dc569c454a899f07d0294a80b4.png,/sc/home/felix.boelter/recreategoods/qwen-image-edit-finetune/data/example_image_dataset/control_images/fa3b58dc569c454a899f07d0294a80b4.png,Crop the dress at mid-thigh length and add a belt at the natural waistline.,training_diff_analysis/sample_0003_diff.png,training_diff_analysis/sample_0003_mask_strict.png,training_diff_analysis/sample_0003_mask_medium.png,training_diff_analysis/sample_0003_mask_loose.png,25.766277313232422,30.556774139404297,31.83450698852539,18.27745532989502,27.339917876150764,255.0
4,/sc/home/felix.boelter/recreategoods/qwen-image-edit-finetune/data/example_image_dataset/images/68d906b0857f47fca78d2f67e24a1bdf.png,/sc/home/felix.boelter/recreategoods/qwen-image-edit-finetune/data/example_image_dataset/control_images/68d906b0857f47fca78d2f67e24a1bdf.png,Add a detachable belt at the waist to create an accentuated fit.,training_diff_analysis/sample_0004_diff.png,training_diff_analysis/sample_0004_mask_strict.png,training_diff_analysis/sample_0004_mask_medium.png,training_diff_analysis/sample_0004_mask_loose.png,5.1544189453125,13.300418853759766,37.65115737915039,9.53059196472168,18.429455742723437,255.0
5,/sc/home/felix.boelter/recreategoods/qwen-image-edit-finetune/data/example_image_dataset/images/37151e85d3cc49d5b4f89a0dc98c07c9.png,/sc/home/felix.boelter/recreategoods/qwen-image-edit-finetune/data/example_image_dataset/control_images/37151e85d3cc49d5b4f89a0dc98c07c9.png,Replace the patchwork sections with recycled leather patches for a rugged texture contrast.,training_diff_analysis/sample_0005_diff.png,training_diff_analysis/sample_0005_mask_strict.png,training_diff_analysis/sample_0005_mask_medium.png,training_diff_analysis/sample_0005_mask_loose.png,13.285064697265625,24.32117462158203,42.984580993652344,18.58519172668457,19.244007907564043,255.0
6,/sc/home/felix.boelter/recreategoods/qwen-image-edit-finetune/data/example_image_dataset/images/511a6b2e3c4c4029aef2ed8f54b9b8bb.png,/sc/home/felix.boelter/recreategoods/qwen-image-edit-finetune/data/example_image_dataset/control_images/511a6b2e3c4c4029aef2ed8f54b9b8bb.png,Cut off the bottom hem to create a cropped t-shirt with raw edges and add a small patch pocket on the left side.,training_diff_analysis/sample_0006_diff.png,training_diff_analysis/sample_0006_mask_strict.png,training_diff_analysis/sample_0006_mask_medium.png,training_diff_analysis/sample_0006_mask_loose.png,19.708538055419922,38.401126861572266,40.876102447509766,19.2248477935791,23.22754367403635,255.0
7,/sc/home/felix.boelter/recreategoods/qwen-image-edit-finetune/data/example_image_dataset/images/2166300654c842de824c814fa0faf09d.png,/sc/home/felix.boelter/recreategoods/qwen-image-edit-finetune/data/example_image_dataset/control_images/2166300654c842de824c814fa0faf09d.png,Add lace trim along the neckline and hem for an elegant touch.,training_diff_analysis/sample_0007_diff.png,training_diff_analysis/sample_0007_mask_strict.png,training_diff_analysis/sample_0007_mask_medium.png,training_diff_analysis/sample_0007_mask_loose.png,14.800739288330078,26.604652404785156,36.25621795654297,14.473520278930664,21.668874361284043,255.0
8,/sc/home/felix.boelter/recreategoods/qwen-image-edit-finetune/data/example_image_dataset/images/68f9fefa8c104504b4be9f8947aca346.png,/sc/home/felix.boelter/recreategoods/qwen-image-edit-finetune/data/example_image_dataset/control_images/68f9fefa8c104504b4be9f8947aca346.png,Change the exaggerated shoulders to natural shoulder seams and remove gold accents in favor of silver-toned buttons for a more modern look.,training_diff_analysis/sample_0008_diff.png,training_diff_analysis/sample_0008_mask_strict.png,training_diff_analysis/sample_0008_mask_medium.png,training_diff_analysis/sample_0008_mask_loose.png,7.576084136962891,11.500263214111328,48.76089096069336,18.632518768310547,26.364475405260308,255.0
9,/sc/home/felix.boelter/recreategoods/qwen-image-edit-finetune/data/example_image_dataset/images/fd8ad5832e0f4398894dd5c680022d96.png,/sc/home/felix.boelter/recreategoods/qwen-image-edit-finetune/data/example_image_dataset/control_images/fd8ad5832e0f4398894dd5c680022d96.png,Replace the lapel stones with delicate lace trim.,training_diff_analysis/sample_0009_diff.png,training_diff_analysis/sample_0009_mask_strict.png,training_diff_analysis/sample_0009_mask_medium.png,training_diff_analysis/sample_0009_mask_loose.png,6.505775451660156,8.27178955078125,10.803508758544922,7.767601013183594,19.98888043176492,255.0
10,/sc/home/felix.boelter/recreategoods/qwen-image-edit-finetune/data/example_image_dataset/images/dacc9d3173ca4f49a75934369079fee4.png,/sc/home/felix.boelter/recreategoods/qwen-image-edit-finetune/data/example_image_dataset/control_images/dacc9d3173ca4f49a75934369079fee4.png,Add a detachable faux fur collar to the neckline for winter wear.,training_diff_analysis/sample_0010_diff.png,training_diff_analysis/sample_0010_mask_strict.png,training_diff_analysis/sample_0010_mask_medium.png,training_diff_analysis/sample_0010_mask_loose.png,20.979595184326172,39.22452926635742,48.80409240722656,20.646565437316895,29.12191970795188,255.0
11,/sc/home/felix.boelter/recreategoods/qwen-image-edit-finetune/data/example_image_dataset/images/c54342c6edfa4af08fa3ec06fee91c0a.png,/sc/home/felix.boelter/recreategoods/qwen-image-edit-finetune/data/example_image_dataset/control_images/c54342c6edfa4af08fa3ec06fee91c0a.png,"Add a layer of sheer tulle underneath for volume, creating a layered look with the lace camisole.",training_diff_analysis/sample_0011_diff.png,training_diff_analysis/sample_0011_mask_strict.png,training_diff_analysis/sample_0011_mask_medium.png,training_diff_analysis/sample_0011_mask_loose.png,5.744171142578125,15.029621124267578,31.561279296875,11.5006685256958,16.845100236363,255.0
12,/sc/home/felix.boelter/recreategoods/qwen-image-edit-finetune/data/example_image_dataset/images/05a628afd01340eb8430bf301db6889e.png,/sc/home/felix.boelter/recreategoods/qwen-image-edit-finetune/data/example_image_dataset/control_images/05a628afd01340eb8430bf301db6889e.png,Shorten one side of the jacket by 5 inches and add a small flap pocket on that side.,training_diff_analysis/sample_0012_diff.png,training_diff_analysis/sample_0012_mask_strict.png,training_diff_analysis/sample_0012_mask_medium.png,training_diff_analysis/sample_0012_mask_loose.png,9.190559387207031,31.37054443359375,37.62025833129883,13.852282524108887,20.302307167791067,255.0
13,/sc/home/felix.boelter/recreategoods/qwen-image-edit-finetune/data/example_image_dataset/images/42675479e6f94187a796c1f878e8fbb2.png,/sc/home/felix.boelter/recreategoods/qwen-image-edit-finetune/data/example_image_dataset/control_images/42675479e6f94187a796c1f878e8fbb2.png,Add a subtle lace overlay to the back of the top.,training_diff_analysis/sample_0013_diff.png,training_diff_analysis/sample_0013_mask_strict.png,training_diff_analysis/sample_0013_mask_medium.png,training_diff_analysis/sample_0013_mask_loose.png,11.764049530029297,22.11894989013672,32.45859146118164,13.584493637084961,17.95472905423143,255.0
14,/sc/home/felix.boelter/recreategoods/qwen-image-edit-finetune/data/example_image_dataset/images/913e1352f8ca470991595c1b79dae2bb.png,/sc/home/felix.boelter/recreategoods/qwen-image-edit-finetune/data/example_image_dataset/control_images/913e1352f8ca470991595c1b79dae2bb.png,Add a thin adjustable belt at the waist to cinch in the fit.,training_diff_analysis/sample_0014_diff.png,training_diff_analysis/sample_0014_mask_strict.png,training_diff_analysis/sample_0014_mask_medium.png,training_diff_analysis/sample_0014_mask_loose.png,35.01310348510742,37.71333694458008,40.52248001098633,20.384879112243652,25.762177882288924,255.0
15,/sc/home/felix.boelter/recreategoods/qwen-image-edit-finetune/data/example_image_dataset/images/199a9d8570e645beaf596f01ad8d8c18.png,/sc/home/felix.boelter/recreategoods/qwen-image-edit-finetune/data/example_image_dataset/control_images/199a9d8570e645beaf596f01ad8d8c18.png,Add a detachable lace-up panel at the waist to create an adjustable fit.,training_diff_analysis/sample_0015_diff.png,training_diff_analysis/sample_0015_mask_strict.png,training_diff_analysis/sample_0015_mask_medium.png,training_diff_analysis/sample_0015_mask_loose.png,10.773086547851562,24.976539611816406,39.366722106933594,15.978362083435059,24.72236192276642,255.0
16,/sc/home/felix.boelter/recreategoods/qwen-image-edit-finetune/data/example_image_dataset/images/afcb0eff5d9f46ba8d467e371bc2d9a3.png,/sc/home/felix.boelter/recreategoods/qwen-image-edit-finetune/data/example_image_dataset/control_images/afcb0eff5d9f46ba8d467e371bc2d9a3.png,"Shorten the shirt by 4 inches, remove the front placket, and add a single row of buttons down the center for an open-front style.",training_diff_analysis/sample_0016_diff.png,training_diff_analysis/sample_0016_mask_strict.png,training_diff_analysis/sample_0016_mask_medium.png,training_diff_analysis/sample_0016_mask_loose.png,11.992931365966797,17.35219955444336,45.28074264526367,18.55476951599121,32.378097983739295,255.0
17,/sc/home/felix.boelter/recreategoods/qwen-image-edit-finetune/data/example_image_dataset/images/860ddee4a9da4a3295e0ee3df5bbd0fc.png,/sc/home/felix.boelter/recreategoods/qwen-image-edit-finetune/data/example_image_dataset/control_images/860ddee4a9da4a3295e0ee3df5bbd0fc.png,"Replace the ribbed texture with a smooth, lightweight fabric for a more modern look.",training_diff_analysis/sample_0017_diff.png,training_diff_analysis/sample_0017_mask_strict.png,training_diff_analysis/sample_0017_mask_medium.png,training_diff_analysis/sample_0017_mask_loose.png,42.525482177734375,48.41480255126953,50.48713684082031,24.10593605041504,32.46985819523996,255.0
18,/sc/home/felix.boelter/recreategoods/qwen-image-edit-finetune/data/example_image_dataset/images/f44890f6360e415fad6dc2c7dbc4a7ae.png,/sc/home/felix.boelter/recreategoods/qwen-image-edit-finetune/data/example_image_dataset/control_images/f44890f6360e415fad6dc2c7dbc4a7ae.png,Shorten the jacket to a cropped length and add a detachable faux fur collar.,training_diff_analysis/sample_0018_diff.png,training_diff_analysis/sample_0018_mask_strict.png,training_diff_analysis/sample_0018_mask_medium.png,training_diff_analysis/sample_0018_mask_loose.png,28.81155014038086,33.774471282958984,55.72671890258789,23.082633018493652,29.76558125164745,255.0
19,/sc/home/felix.boelter/recreategoods/qwen-image-edit-finetune/data/example_image_dataset/images/b70634c5556d4fd38412c5ce03bab18f.png,/sc/home/felix.boelter/recreategoods/qwen-image-edit-finetune/data/example_image_dataset/control_images/b70634c5556d4fd38412c5ce03bab18f.png,Replace the crochet panels with delicate lace inserts for a more refined look.,training_diff_analysis/sample_0019_diff.png,training_diff_analysis/sample_0019_mask_strict.png,training_diff_analysis/sample_0019_mask_medium.png,training_diff_analysis/sample_0019_mask_loose.png,21.53186798095703,26.52149200439453,28.025245666503906,15.39422607421875,27.43816165347597,255.0
